agentid,afirst_name,alast_name
1,Martyn,Gillatt
2,Zuzana,Blewitt
3,Marylin,Kennsley
4,Lotty,Oleszkiewicz
5,Bobinette,Eadington
6,Boyd,Figge
7,Cammi,Swaffield
8,Tallia,Beeble
9,Samuel,Laytham
10,Devonne,Harwell
11,Griff,Hugk
12,Kelci,Macbane
13,Catlin,Kupper
14,Boniface,Lomasny
15,Diahann,Pattle
16,Hubey,Crowest
17,Benedetto,Duly
19,Mylo,Georgeson
20,Reggie,Dhillon
21,Adolf,Tejero
22,Eberto,Mingard
23,Linea,Doctor
24,Agata,Dannohl
25,Carilyn,Lawly
26,Christy,Thornewill
27,Emalia,Stuart
28,Lesly,Featonby
29,Bailey,Taffrey
30,Marne,Lattin
31,Kellen,Edward
32,Daphna,Ferraraccio
33,Jamaal,Grigaut
34,Cristen,Cariss
35,Blondelle,Yes
36,Jasmin,M'Quhan
37,Rubin,Fenwick
38,Vitoria,Polk
39,Fidelity,Yele
40,Wayland,Really
41,Ripley,Lawlor
42,Jolie,Fulloway
44,Celestine,McCafferky
45,Armando,Spellacy
47,Alejandro,Bruggen
50,Kyle,Ashplant
52,Rene,Tosspell
53,Modestine,McCully
54,Diann,Lamort
55,Eb,Bernhard
56,Dara,Bewlay
57,Mavra,Brabon
58,Aland,Dumsday
59,Kimberlee,Arboine
60,Forrest,Shillington
61,Leelah,Halbeard
63,Foss,Lanceter
64,Lorens,Pessel
66,Quinn,Seater
67,Branden,Oriel
68,Bennie,McGee
69,Madelina,Keeltagh
70,Haley,Bulluck
71,Emalee,Callum
72,Teodorico,Gameson
73,Dominga,Jimmes
74,Lita,Clissell
75,D'arcy,Smidmor
77,Forrester,Groveham
78,Gannon,Faussett
79,Vail,Springthorp
81,Huey,Belliveau
82,Andrea,Collyear
83,Sigvard,Pawelek
85,Dunc,Fattorini
86,Barnaby,Backhurst
87,Cchaddie,Duckett
88,Andree,Cholerton
89,West,Chalcroft
90,May,Chong
91,Jacklin,Deadman
92,Harlan,Baldocci
93,Janis,MacGowing
94,Freeman,Newnham
95,Hailee,Harefoot
96,Mal,Haxell
98,Travus,Husk
99,Eugenia,Gurnell
103,Jacob,Cud
104,Eydie,Linacre
105,Eldon,Beadel
106,Celestyn,Cathery
107,Winnie,Omrod
110,Ardisj,Main
111,Emmanuel,Whittlesee
112,Ginelle,Allnatt
114,Bibbye,Marrian
115,Mariette,Coneron
117,Farrah,Noden
118,Margo,Lesor
119,Lindi,Eirwin
121,Wilhelmina,Aspinal
122,Jesse,Calladine
126,Slade,Trenchard
127,Gilberta,Heller
128,Catlee,Durkin
129,Kippar,Bethune
132,Stanfield,Emanulsson
133,Fiann,Top
134,Janet,Darte
135,Pauline,Ciotti
138,Sayre,Lambregts
139,Christoforo,McElhargy
141,Ruben,Morgue
142,Brandy,Briatt
143,Bellina,Ritchings
144,Vicky,Wardale
146,Anthe,Cottle
147,Willi,Nunns
148,Ingelbert,Shrive
149,Clarita,Corrado
150,Joelly,Lohmeyer
151,Erskine,Crowth
152,Jessee,Grimshaw
153,Madeline,Oxer
154,Babette,Storek
155,Tally,Trevear
156,Hinda,Linder
157,Fred,Gleder
158,Archy,Lathwood
159,Tisha,Brandenburg
162,Gustave,Ketch
163,Turner,Canizares
165,Raul,Fessier
167,Adrian,Layborn
168,Fania,Dunlea
170,Alica,Gilleson
171,Tommie,Tschursch
173,Gwyn,Fitzsimons
174,Franny,Dunton
175,Blinnie,Flobert
177,Cara,Welford
179,Danika,Bagster
180,Ed,Denacamp
181,Keene,Stocken
182,Othelia,Camocke
183,Oren,Everingham
184,Elsa,Betteson
185,Doralin,Glastonbury
187,Gennifer,Blazy
191,Dukey,Keeton
192,Karoly,Prowting
193,Alexandra,Giabuzzi
195,Karrah,Melton
196,Klement,Woodruffe
197,Ashlee,Pennigar
201,Aundrea,Vesco
205,Elene,Arrault
208,Natale,Triggs
210,Luther,Hekkert
211,Estrella,Doey
213,Kare,Antonopoulos
214,Fritz,Romayne
215,Fionnula,Banger
216,Etheline,Byers
219,Alecia,Bassindale
220,Ross,Gusticke
223,Alex,Macken
227,Gawen,Sitch
229,Ford,Caudrelier
232,Alfy,Brummell
234,Eugine,Wabersich
235,Josi,Haucke
236,Shirleen,Wagerfield
240,Israel,Found
241,Bren,Ianinotti
242,Marisa,Brombell
243,Blondell,Cristofolini
244,Nealson,Munnery
245,Nettle,Basil
247,Fedora,Howcroft
248,Nichols,Skamal
249,Lani,Wrenn
250,Elladine,Dyke
251,Cristiano,Kermit
252,Lucas,Carne
253,Felic,Pendrich
254,Fernando,Anshell
256,Heriberto,Le Houx
257,Florenza,Matts
258,Emmalynn,Ticic
261,Odele,Cork
262,Gavrielle,Fibbings
265,Christel,Lynd
267,Jo ann,Wakenshaw
269,Ellen,Randalston
270,Deb,Luxton
273,Yvon,Behrens
275,Twila,Marvel
276,Demetra,Hember
278,Jennette,Sabie
280,Ailbert,Berzons
281,Pryce,Blethyn
282,Emlynne,Kielty
283,Cale,Starbeck
285,Adoree,Josipovitz
286,Zacharias,Kobes
287,Izaak,Savery
288,Donica,Corday
289,Jehanna,Draco
290,Kirk,Hambric
291,Hewie,Morrow
294,Carlyle,Ridd
295,Dalston,McAlester
296,Nadiya,Raspin
298,Janeva,Boldison
299,Paula,Snellman
300,Leonora,Nowakowski
301,Frederigo,Dalrymple
302,Anet,Cops
303,Emory,Balazin
304,Lucia,Kesteven
305,Karim,Stothard
306,Amalle,Quarrie
307,Rowney,Demke
308,Marcia,Vlahos
310,Shermie,Kamen
313,Regina,Rozycki
314,Willyt,Vouls
315,Malena,Strode
321,Jeannette,Simione
323,Hal,Durward
324,Nerty,Hartnup
325,Lenore,McClary
326,Olva,Wessel
327,Brad,Yarmouth
328,Brynn,Hischke
330,Elsa,Sousa
331,Rey,Treske
332,Kassey,Humburton
333,Jeannie,Askham
334,Caren,Iskower
335,Ximenes,Habard
336,Munmro,Skirrow
337,Town,Jann
339,Ilario,Roder
341,Ricki,Mumbray
344,Liam,Vest
346,Tammie,Limbourne
348,Matthias,Fontenot
350,Faulkner,Streatley
352,Krissie,Greet
354,Livvy,Baysting
355,Philip,Dmych
358,Carlita,Rheam
359,Clemens,Elms
360,Nettle,Kollatsch
363,Selle,Ceccoli
364,Lani,Creffield
367,Onfre,Yeabsley
368,Adlai,Bendig
370,Clair,Ashpole
371,Brittani,Hatcliffe
375,Annabela,Lightbourne
378,Phebe,Kynnd
384,Romy,Nulty
385,Gregorius,Longfoot
387,Pattie,MacAne
388,Drucy,Milton-White
390,Warner,De Beneditti
391,Mill,Portman
393,Sabra,MacCartair
394,Gottfried,Keggin
397,Lyell,Balston
403,Dido,Iveans
404,Clo,Harwick
405,Vinnie,Barrell
406,Chic,McCarty
408,Krissie,Hedgeman
410,Pattin,Yeates
411,Datha,Dearsley
414,Roxi,Vedntyev
416,Lavina,Roughley
418,Owen,Jacobsz
420,Charlie,Dominey
423,Hendrik,Groven
425,Billy,Gilmour
426,Trixi,Deighan
427,Melloney,Dalyell
429,Alecia,Debow
430,Karita,MacIlory
431,Alexis,Eixenberger
432,Sharleen,Baylay
433,Jilli,Honacker
434,Cesare,Dresser
436,Shannan,Sharpous
438,Darlleen,Eva
440,Horten,McNeilly
441,Sashenka,Agerskow
444,Daryl,Cassley
446,Eden,Belasco
449,Kerwin,Upwood
450,Barnabe,Bowler
451,Mallorie,Humpage
453,Joelynn,Polin
454,Adria,Scholte
455,Lucius,Boost
459,Clayborne,Wooddisse
461,Krystal,Flieger
464,Elvin,Elphinston
467,Bat,Peacocke
468,Chelsy,Staples
469,Gaye,Lyffe
472,Jasun,Grasha
474,Urbain,Pownall
475,Tremain,Bewlay
476,Boonie,Giraldon
479,Kevin,De Bruyne
480,Errol,Duckhouse
481,Belia,Colls
483,Windham,Esh
484,Gilberte,Christofides
492,Thain,Abramow
493,Raven,Flintuff
495,Dannel,Meeks
497,Griff,Ranscomb
502,Kasey,Golt
508,Rosaline,Harwell
509,Jesus,Casaro
510,Niven,Dondon
526,Kaleb,Birkinshaw
527,Esma,Castagnaro
531,Cosmo,Caustick
535,Helyn,Bison
